<?xml version="1.0" encoding="UTF-8"?>
<Configuration status="WARN">
    <Appenders>
        <Console name="Console" target="SYSTEM_OUT">
            <PatternLayout pattern="%d{yyyy-MM-dd HH:mm:ss} %-5p [%t] %c{1} - %m%n"/>
        </Console>
        <File name="FileLogger" fileName="logs/app.log" append="false">
            <PatternLayout pattern="%d{yyyy-MM-dd HH:mm:ss} %-5p [%t] %c{1} - %m%n"/>
        </File>
    </Appenders>
    <Loggers>
        <Root level="info">
            <AppenderRef ref="Console"/>
            <AppenderRef ref="FileLogger"/>
        </Root>
        <Logger name="acceso.myshop" level="debug" additivity="false">
            <AppenderRef ref="Console"/>
            <AppenderRef ref="FileLogger"/>
        </Logger>
    </Loggers>
</Configuration>